{
	"tags": "modified",
	"shadowFrustumSize": 0,
	"shadowOrthoScale": 0.1,
	"autoUpdateExtends": true,
	"autoCalcShadowZBounds": false,
	"diffuse": [
		1,
		1,
		1
	],
	"specular": [
		1,
		1,
		1
	],
	"falloffType": 0,
	"intensity": 1,
	"range": 1.7976931348623157e+308,
	"intensityMode": 0,
	"radius": 0.00001,
	"_renderPriority": 0,
	"shadowEnabled": true,
	"excludeWithLayerMask": 0,
	"includeOnlyWithLayerMask": 0,
	"lightmapMode": 0,
	"position": [
		100,
		100,
		100
	],
	"direction": [
		-1,
		-2,
		-1
	],
	"name": "sun",
	"id": "138998a6-1d3c-4021-bd0e-544f0181f8ee",
	"uniqueId": 13,
	"state": "",
	"metadata": {},
	"type": 1,
	"animations": [],
	"ranges": []
}