{
	"className": "ShadowGenerator",
	"lightId": "138998a6-1d3c-4021-bd0e-544f0181f8ee",
	"mapSize": 1024,
	"forceBackFacesOnly": false,
	"darkness": 0,
	"transparencyShadow": false,
	"frustumEdgeFalloff": 0,
	"bias": 0.00005,
	"normalBias": 0,
	"usePercentageCloserFiltering": false,
	"useContactHardeningShadow": false,
	"contactHardeningLightSizeUVRatio": 0.1,
	"filteringQuality": 0,
	"useExponentialShadowMap": false,
	"useBlurExponentialShadowMap": false,
	"useCloseExponentialShadowMap": false,
	"useBlurCloseExponentialShadowMap": false,
	"usePoissonSampling": false,
	"depthScale": 50,
	"blurBoxOffset": 1,
	"blurKernel": 1,
	"blurScale": 2,
	"useKernelBlur": false,
	"renderList": [
		"bb812486-4a83-4111-b7b9-caf121155b6d",
		"027e5551-fdbe-412a-8c31-9bb876a8b93b"
	]
}