{
	"materials": [],
	"geometries": {
		"boxes": [],
		"spheres": [],
		"cylinders": [],
		"toruses": [],
		"grounds": [],
		"planes": [],
		"torusKnots": [],
		"vertexData": [
			{
				"id": "0d38a45c-03a7-4a42-bfc3-977788ff849d",
				"updatable": false,
				"positions": [
					0.5,
					-0.5,
					0.5,
					-0.5,
					-0.5,
					0.5,
					-0.5,
					0.5,
					0.5,
					0.5,
					0.5,
					0.5,
					0.5,
					0.5,
					-0.5,
					-0.5,
					0.5,
					-0.5,
					-0.5,
					-0.5,
					-0.5,
					0.5,
					-0.5,
					-0.5,
					0.5,
					0.5,
					-0.5,
					0.5,
					-0.5,
					-0.5,
					0.5,
					-0.5,
					0.5,
					0.5,
					0.5,
					0.5,
					-0.5,
					0.5,
					0.5,
					-0.5,
					-0.5,
					0.5,
					-0.5,
					-0.5,
					-0.5,
					-0.5,
					0.5,
					-0.5,
					-0.5,
					0.5,
					0.5,
					-0.5,
					0.5,
					-0.5,
					0.5,
					0.5,
					-0.5,
					0.5,
					0.5,
					0.5,
					0.5,
					-0.5,
					0.5,
					0.5,
					-0.5,
					-0.5,
					-0.5,
					-0.5,
					-0.5,
					-0.5,
					-0.5,
					0.5
				],
				"normals": [
					0,
					0,
					1,
					0,
					0,
					1,
					0,
					0,
					1,
					0,
					0,
					1,
					0,
					0,
					-1,
					0,
					0,
					-1,
					0,
					0,
					-1,
					0,
					0,
					-1,
					1,
					0,
					0,
					1,
					0,
					0,
					1,
					0,
					0,
					1,
					0,
					0,
					-1,
					0,
					0,
					-1,
					0,
					0,
					-1,
					0,
					0,
					-1,
					0,
					0,
					0,
					1,
					0,
					0,
					1,
					0,
					0,
					1,
					0,
					0,
					1,
					0,
					0,
					-1,
					0,
					0,
					-1,
					0,
					0,
					-1,
					0,
					0,
					-1,
					0
				],
				"uvs": [
					1,
					1,
					0,
					1,
					0,
					0,
					1,
					0,
					1,
					1,
					0,
					1,
					0,
					0,
					1,
					0,
					1,
					1,
					0,
					1,
					0,
					0,
					1,
					0,
					1,
					1,
					0,
					1,
					0,
					0,
					1,
					0,
					1,
					1,
					0,
					1,
					0,
					0,
					1,
					0,
					1,
					1,
					0,
					1,
					0,
					0,
					1,
					0
				],
				"indices": [
					0,
					1,
					2,
					0,
					2,
					3,
					4,
					5,
					6,
					4,
					6,
					7,
					8,
					9,
					10,
					8,
					10,
					11,
					12,
					13,
					14,
					12,
					14,
					15,
					16,
					17,
					18,
					16,
					18,
					19,
					20,
					21,
					22,
					20,
					22,
					23
				]
			}
		]
	},
	"meshes": [
		{
			"name": "ground",
			"id": "b87c0751-53e5-4782-88d9-0461e9457fe1",
			"uniqueId": 9,
			"type": "Mesh",
			"tags": "modified",
			"position": [
				0,
				0,
				0
			],
			"rotationQuaternion": [
				0,
				0,
				0,
				1
			],
			"scaling": [
				100,
				0.1,
				100
			],
			"localMatrix": {
				"0": 1,
				"1": 0,
				"2": 0,
				"3": 0,
				"4": 0,
				"5": 1,
				"6": 0,
				"7": 0,
				"8": 0,
				"9": 0,
				"10": 1,
				"11": 0,
				"12": 0,
				"13": 0,
				"14": 0,
				"15": 1
			},
			"isEnabled": true,
			"isVisible": true,
			"infiniteDistance": false,
			"pickable": true,
			"receiveShadows": true,
			"billboardMode": 0,
			"visibility": 1,
			"checkCollisions": true,
			"isBlocker": false,
			"overrideMaterialSideOrientation": null,
			"isUnIndexed": false,
			"geometryId": "0d38a45c-03a7-4a42-bfc3-977788ff849d",
			"subMeshes": [
				{
					"materialIndex": 0,
					"verticesStart": 0,
					"verticesCount": 24,
					"indexStart": 0,
					"indexCount": 36
				}
			],
			"materialId": "77eb899b-024f-405e-b240-9bb6e5cbe3c3",
			"physicsMass": 0,
			"physicsFriction": 0.2,
			"physicsRestitution": 0,
			"physicsImpostor": 2,
			"metadata": {
				"isPickable": true,
				"script": {}
			},
			"instances": [],
			"animations": [],
			"ranges": [],
			"layerMask": 268435455,
			"alphaIndex": 1.7976931348623157e+308,
			"hasVertexAlpha": false,
			"overlayAlpha": 0.3,
			"overlayColor": [
				1,
				0,
				0
			],
			"applyFog": true
		}
	],
	"multiMaterials": [],
	"lods": []
}