{
	"materials": [],
	"meshes": [
		{
			"name": "wall",
			"id": "f824df87-ae33-41d9-ba8f-551d2083a2be",
			"uniqueId": 9,
			"type": "Mesh",
			"tags": "modified",
			"position": [
				6.657844066619873,
				0.5,
				7.932335376739502
			],
			"rotationQuaternion": [
				0,
				0,
				0,
				1
			],
			"scaling": [
				1,
				1,
				1
			],
			"localMatrix": {
				"0": 1,
				"1": 0,
				"2": 0,
				"3": 0,
				"4": 0,
				"5": 1,
				"6": 0,
				"7": 0,
				"8": 0,
				"9": 0,
				"10": 1,
				"11": 0,
				"12": 0,
				"13": 0,
				"14": 0,
				"15": 1
			},
			"isEnabled": true,
			"isVisible": true,
			"infiniteDistance": false,
			"pickable": true,
			"receiveShadows": false,
			"billboardMode": 0,
			"visibility": 1,
			"checkCollisions": false,
			"isBlocker": false,
			"overrideMaterialSideOrientation": null,
			"isUnIndexed": false,
			"geometryId": "67c0e7d5-7efc-4a84-9dc3-ec791595f195",
			"subMeshes": null,
			"materialId": "965b4240-9156-4704-8e39-cc381d3c7123",
			"physicsMass": 1,
			"physicsFriction": 0.2,
			"physicsRestitution": 1,
			"physicsImpostor": 2,
			"metadata": {
				"isPickable": true,
				"script": {}
			},
			"instances": [
				{
					"name": "wall (Mesh Instance)",
					"id": "2dacc31c-b006-4088-aaaf-50c86a795b6c",
					"isEnabled": true,
					"isVisible": true,
					"isPickable": true,
					"checkCollisions": false,
					"position": [
						1.211791268519148,
						0.5,
						5.893896281719873
					],
					"scaling": [
						1,
						1,
						1
					],
					"rotationQuaternion": [
						0,
						0.3419781276477794,
						0,
						0.9397079121783097
					],
					"physicsMass": 1,
					"physicsFriction": 0.2,
					"physicsRestitution": 1,
					"physicsImpostor": 2,
					"metadata": {
						"isPickable": true,
						"script": {
							"name": "None"
						},
						"renderingGroupId": 0
					},
					"animations": [],
					"ranges": []
				},
				{
					"name": "wall (Mesh Instance)",
					"id": "b6f5c00a-61f9-48a2-a448-70f69392c07a",
					"isEnabled": true,
					"isVisible": true,
					"isPickable": true,
					"checkCollisions": false,
					"position": [
						6.903140727446768,
						0.5200719833374023,
						2.235576983269037
					],
					"scaling": [
						1,
						1,
						1
					],
					"rotationQuaternion": [
						0,
						0.3419781276477794,
						0,
						0.9397079121783097
					],
					"physicsMass": 1,
					"physicsFriction": 0.2,
					"physicsRestitution": 1,
					"physicsImpostor": 2,
					"metadata": {
						"isPickable": true,
						"script": {
							"name": "None"
						},
						"renderingGroupId": 0
					},
					"animations": [],
					"ranges": []
				}
			],
			"animations": [],
			"ranges": [],
			"layerMask": 268435455,
			"alphaIndex": 1.7976931348623157e+308,
			"hasVertexAlpha": false,
			"overlayAlpha": 0.3,
			"overlayColor": [
				1,
				0,
				0
			],
			"applyFog": true,
			"delayLoadingFile": "geometries/67c0e7d5-7efc-4a84-9dc3-ec791595f195.babylonbinarymeshdata",
			"boundingBoxMaximum": [
				0.5,
				0.5,
				0.5
			],
			"boundingBoxMinimum": [
				-0.5,
				-0.5,
				-0.5
			],
			"_binaryInfo": {
				"positionsAttrDesc": {
					"count": 72,
					"stride": 3,
					"offset": 0,
					"dataType": 1
				},
				"normalsAttrDesc": {
					"count": 72,
					"stride": 3,
					"offset": 288,
					"dataType": 1
				},
				"uvsAttrDesc": {
					"count": 48,
					"stride": 2,
					"offset": 576,
					"dataType": 1
				},
				"indicesAttrDesc": {
					"count": 36,
					"stride": 1,
					"offset": 768,
					"dataType": 0
				},
				"subMeshesAttrDesc": {
					"count": 1,
					"stride": 5,
					"offset": 912,
					"dataType": 0
				}
			},
			"positions": null,
			"normals": null,
			"uvs": null,
			"hasUVs": true,
			"indices": null
		}
	],
	"multiMaterials": [],
	"lods": []
}