{
	"materials": [],
	"geometries": {
		"boxes": [],
		"spheres": [],
		"cylinders": [],
		"toruses": [],
		"grounds": [],
		"planes": [],
		"torusKnots": [],
		"vertexData": [
			{
				"id": "67c0e7d5-7efc-4a84-9dc3-ec791595f195",
				"updatable": false,
				"positions": [
					0.5,
					-0.5,
					0.5,
					-0.5,
					-0.5,
					0.5,
					-0.5,
					0.5,
					0.5,
					0.5,
					0.5,
					0.5,
					0.5,
					0.5,
					-0.5,
					-0.5,
					0.5,
					-0.5,
					-0.5,
					-0.5,
					-0.5,
					0.5,
					-0.5,
					-0.5,
					0.5,
					0.5,
					-0.5,
					0.5,
					-0.5,
					-0.5,
					0.5,
					-0.5,
					0.5,
					0.5,
					0.5,
					0.5,
					-0.5,
					0.5,
					0.5,
					-0.5,
					-0.5,
					0.5,
					-0.5,
					-0.5,
					-0.5,
					-0.5,
					0.5,
					-0.5,
					-0.5,
					0.5,
					0.5,
					-0.5,
					0.5,
					-0.5,
					0.5,
					0.5,
					-0.5,
					0.5,
					0.5,
					0.5,
					0.5,
					-0.5,
					0.5,
					0.5,
					-0.5,
					-0.5,
					-0.5,
					-0.5,
					-0.5,
					-0.5,
					-0.5,
					0.5
				],
				"normals": [
					0,
					0,
					1,
					0,
					0,
					1,
					0,
					0,
					1,
					0,
					0,
					1,
					0,
					0,
					-1,
					0,
					0,
					-1,
					0,
					0,
					-1,
					0,
					0,
					-1,
					1,
					0,
					0,
					1,
					0,
					0,
					1,
					0,
					0,
					1,
					0,
					0,
					-1,
					0,
					0,
					-1,
					0,
					0,
					-1,
					0,
					0,
					-1,
					0,
					0,
					0,
					1,
					0,
					0,
					1,
					0,
					0,
					1,
					0,
					0,
					1,
					0,
					0,
					-1,
					0,
					0,
					-1,
					0,
					0,
					-1,
					0,
					0,
					-1,
					0
				],
				"uvs": [
					1,
					1,
					0,
					1,
					0,
					0,
					1,
					0,
					1,
					1,
					0,
					1,
					0,
					0,
					1,
					0,
					1,
					1,
					0,
					1,
					0,
					0,
					1,
					0,
					1,
					1,
					0,
					1,
					0,
					0,
					1,
					0,
					1,
					1,
					0,
					1,
					0,
					0,
					1,
					0,
					1,
					1,
					0,
					1,
					0,
					0,
					1,
					0
				],
				"indices": [
					0,
					1,
					2,
					0,
					2,
					3,
					4,
					5,
					6,
					4,
					6,
					7,
					8,
					9,
					10,
					8,
					10,
					11,
					12,
					13,
					14,
					12,
					14,
					15,
					16,
					17,
					18,
					16,
					18,
					19,
					20,
					21,
					22,
					20,
					22,
					23
				]
			}
		]
	},
	"meshes": [
		{
			"name": "wall",
			"id": "f824df87-ae33-41d9-ba8f-551d2083a2be",
			"type": "Mesh",
			"tags": "modified",
			"position": [
				6.657844066619873,
				0.5,
				7.932335376739502
			],
			"rotationQuaternion": [
				0,
				0,
				0,
				1
			],
			"scaling": [
				1,
				1,
				1
			],
			"localMatrix": {
				"0": 1,
				"1": 0,
				"2": 0,
				"3": 0,
				"4": 0,
				"5": 1,
				"6": 0,
				"7": 0,
				"8": 0,
				"9": 0,
				"10": 1,
				"11": 0,
				"12": 0,
				"13": 0,
				"14": 0,
				"15": 1
			},
			"isEnabled": true,
			"isVisible": true,
			"infiniteDistance": false,
			"pickable": true,
			"receiveShadows": false,
			"billboardMode": 0,
			"visibility": 1,
			"checkCollisions": false,
			"isBlocker": false,
			"overrideMaterialSideOrientation": null,
			"isUnIndexed": false,
			"geometryId": "67c0e7d5-7efc-4a84-9dc3-ec791595f195",
			"subMeshes": [
				{
					"materialIndex": 0,
					"verticesStart": 0,
					"verticesCount": 24,
					"indexStart": 0,
					"indexCount": 36
				}
			],
			"materialId": "965b4240-9156-4704-8e39-cc381d3c7123",
			"physicsMass": 1,
			"physicsFriction": 0.2,
			"physicsRestitution": 1,
			"physicsImpostor": 2,
			"metadata": {
				"isPickable": true,
				"script": {}
			},
			"instances": [
				{
					"name": "wall (Mesh Instance)",
					"id": "2dacc31c-b006-4088-aaaf-50c86a795b6c",
					"isPickable": true,
					"checkCollisions": false,
					"position": [
						1.2117912687991725,
						0.5,
						5.8558194030282396
					],
					"scaling": [
						1,
						1,
						1
					],
					"rotationQuaternion": [
						0,
						0.3419781276477794,
						0,
						0.9397079121783097
					],
					"physicsMass": 1,
					"physicsFriction": 0.2,
					"physicsRestitution": 1,
					"physicsImpostor": 2,
					"metadata": {
						"isPickable": true,
						"script": {}
					},
					"animations": [],
					"ranges": []
				},
				{
					"name": "wall (Mesh Instance)",
					"id": "b6f5c00a-61f9-48a2-a448-70f69392c07a",
					"isPickable": true,
					"checkCollisions": false,
					"position": [
						6.865063848895148,
						0.5200719833374023,
						2.216538543643196
					],
					"scaling": [
						1,
						1,
						1
					],
					"rotationQuaternion": [
						0,
						0.3419781276477794,
						0,
						0.9397079121783097
					],
					"physicsMass": 1,
					"physicsFriction": 0.2,
					"physicsRestitution": 1,
					"physicsImpostor": 2,
					"metadata": {
						"isPickable": true,
						"script": {}
					},
					"animations": [],
					"ranges": []
				}
			],
			"animations": [],
			"ranges": [],
			"layerMask": 268435455,
			"alphaIndex": 1.7976931348623157e+308,
			"hasVertexAlpha": false,
			"overlayAlpha": 0.3,
			"overlayColor": [
				1,
				0,
				0
			],
			"applyFog": true
		}
	],
	"multiMaterials": [],
	"lods": []
}