{
	"tags": null,
	"ambient": [
		0.3,
		0.3,
		0.3
	],
	"diffuse": [
		1,
		1,
		1
	],
	"specular": [
		1,
		1,
		1
	],
	"emissive": [
		0,
		0,
		0
	],
	"specularPower": 64,
	"useAlphaFromDiffuseTexture": false,
	"useEmissiveAsIllumination": false,
	"linkEmissiveWithDiffuse": false,
	"useSpecularOverAlpha": false,
	"useReflectionOverAlpha": false,
	"disableLighting": false,
	"useObjectSpaceNormalMap": false,
	"useParallax": false,
	"useParallaxOcclusion": false,
	"parallaxScaleBias": 0.05,
	"roughness": 0,
	"indexOfRefraction": 0.98,
	"invertRefractionY": true,
	"alphaCutOff": 0.4,
	"useLightmapAsShadowmap": false,
	"useReflectionFresnelFromSpecular": false,
	"useGlossinessFromSpecularMapAlpha": false,
	"maxSimultaneousLights": 4,
	"invertNormalMapX": false,
	"invertNormalMapY": false,
	"twoSidedLighting": false,
	"id": "44ce4d7a-5718-4025-a141-272ee6387673",
	"uniqueId": 74,
	"name": "ground",
	"checkReadyOnEveryCall": false,
	"checkReadyOnlyOnce": false,
	"state": "",
	"alpha": 1,
	"backFaceCulling": true,
	"sideOrientation": 1,
	"alphaMode": 2,
	"_needDepthPrePass": false,
	"disableDepthWrite": false,
	"forceDepthWrite": false,
	"depthFunction": 0,
	"separateCullingPass": false,
	"fogEnabled": true,
	"pointSize": 1,
	"zOffset": 0,
	"wireframe": false,
	"pointsCloud": false,
	"fillMode": 0
}