{
	"tags": null,
	"uOffset": 0,
	"vOffset": 0,
	"uScale": 1,
	"vScale": 1,
	"uAng": 0,
	"vAng": 0,
	"wAng": 0,
	"uRotationCenter": 0.5,
	"vRotationCenter": 0.5,
	"wRotationCenter": 0.5,
	"isBlocking": true,
	"_generateMipMaps": false,
	"_size": 1024,
	"refreshRate": 1,
	"uniqueId": 73,
	"name": "files\\New Directional Light_shadowMap",
	"hasAlpha": false,
	"getAlphaFromRGB": false,
	"level": 1,
	"coordinatesIndex": 0,
	"coordinatesMode": 4,
	"wrapU": 0,
	"wrapV": 0,
	"wrapR": 1,
	"anisotropicFilteringLevel": 1,
	"isCube": false,
	"is3D": false,
	"is2DArray": false,
	"gammaSpace": true,
	"invertZ": false,
	"lodLevelInAlpha": false,
	"lodGenerationOffset": 0,
	"lodGenerationScale": 0,
	"linearSpecularLOD": false,
	"isRenderTarget": true,
	"animations": [],
	"invertY": true,
	"samplingMode": 1,
	"renderTargetSize": 1024,
	"renderList": [
		"bb812486-4a83-4111-b7b9-caf121155b6d",
		"027e5551-fdbe-412a-8c31-9bb876a8b93b"
	],
	"url": "files\\New Directional Light_shadowMap"
}