{
	"className": "CascadedShadowGenerator",
	"lightId": "a76adafc-c695-43b9-bc2a-a5b1a01a6419",
	"id": "a76adafc-c695-43b9-bc2a-a5b1a01a6419",
	"mapSize": 1024,
	"forceBackFacesOnly": false,
	"darkness": 0,
	"transparencyShadow": false,
	"frustumEdgeFalloff": 0,
	"bias": 0.00005,
	"normalBias": 0,
	"usePercentageCloserFiltering": true,
	"useContactHardeningShadow": false,
	"contactHardeningLightSizeUVRatio": 0.1,
	"filteringQuality": 0,
	"useExponentialShadowMap": false,
	"useBlurExponentialShadowMap": false,
	"useCloseExponentialShadowMap": false,
	"useBlurCloseExponentialShadowMap": false,
	"usePoissonSampling": false,
	"depthScale": 50,
	"blurBoxOffset": 1,
	"blurKernel": 1,
	"blurScale": 2,
	"useKernelBlur": false,
	"renderList": [
		"e22f3d3a-65b2-4993-8c52-cb05d2af8278"
	],
	"numCascades": 4,
	"debug": false,
	"stabilizeCascades": false,
	"lambda": 1,
	"cascadeBlendPercentage": 0.1,
	"depthClamp": true,
	"autoCalcDepthBounds": false,
	"shadowMaxZ": 10000,
	"penumbraDarkness": 1,
	"freezeShadowCastersBoundingInfo": false,
	"minDistance": 0,
	"maxDistance": 1
}