{
	"tags": "modified",
	"shadowFrustumSize": 0,
	"shadowOrthoScale": 0.1,
	"autoUpdateExtends": true,
	"autoCalcShadowZBounds": false,
	"orthoLeft": 1.7976931348623157e+308,
	"orthoRight": 5e-324,
	"orthoTop": 5e-324,
	"orthoBottom": 1.7976931348623157e+308,
	"diffuse": [
		1,
		1,
		1
	],
	"specular": [
		1,
		1,
		1
	],
	"falloffType": 0,
	"intensity": 1,
	"range": 1.7976931348623157e+308,
	"intensityMode": 0,
	"radius": 0.00001,
	"_renderPriority": 0,
	"shadowEnabled": true,
	"excludeWithLayerMask": 0,
	"includeOnlyWithLayerMask": 0,
	"lightmapMode": 0,
	"position": [
		100,
		100,
		100
	],
	"direction": [
		-1,
		-2,
		-1
	],
	"name": "sun",
	"id": "a76adafc-c695-43b9-bc2a-a5b1a01a6419",
	"state": "",
	"metadata": {
		"script": {
			"name": "None"
		},
		"_waitingParentId": null
	},
	"uniqueId": 25,
	"type": 1,
	"animations": [],
	"ranges": [],
	"isEnabled": true,
	"parentId": null
}