{
	"geometries": {
		"boxes": [],
		"spheres": [],
		"cylinders": [],
		"toruses": [],
		"grounds": [],
		"planes": [],
		"torusKnots": [],
		"vertexData": [
			{
				"id": "2f1df70f-8bd6-4703-86fa-ed4c7a6561d4",
				"updatable": false,
				"positions": [
					0.5,
					-0.5,
					0.5,
					-0.5,
					-0.5,
					0.5,
					-0.5,
					0.5,
					0.5,
					0.5,
					0.5,
					0.5,
					0.5,
					0.5,
					-0.5,
					-0.5,
					0.5,
					-0.5,
					-0.5,
					-0.5,
					-0.5,
					0.5,
					-0.5,
					-0.5,
					0.5,
					0.5,
					-0.5,
					0.5,
					-0.5,
					-0.5,
					0.5,
					-0.5,
					0.5,
					0.5,
					0.5,
					0.5,
					-0.5,
					0.5,
					0.5,
					-0.5,
					-0.5,
					0.5,
					-0.5,
					-0.5,
					-0.5,
					-0.5,
					0.5,
					-0.5,
					-0.5,
					0.5,
					0.5,
					-0.5,
					0.5,
					-0.5,
					0.5,
					0.5,
					-0.5,
					0.5,
					0.5,
					0.5,
					0.5,
					-0.5,
					0.5,
					0.5,
					-0.5,
					-0.5,
					-0.5,
					-0.5,
					-0.5,
					-0.5,
					-0.5,
					0.5
				],
				"normals": [
					0,
					0,
					1,
					0,
					0,
					1,
					0,
					0,
					1,
					0,
					0,
					1,
					0,
					0,
					-1,
					0,
					0,
					-1,
					0,
					0,
					-1,
					0,
					0,
					-1,
					1,
					0,
					0,
					1,
					0,
					0,
					1,
					0,
					0,
					1,
					0,
					0,
					-1,
					0,
					0,
					-1,
					0,
					0,
					-1,
					0,
					0,
					-1,
					0,
					0,
					0,
					1,
					0,
					0,
					1,
					0,
					0,
					1,
					0,
					0,
					1,
					0,
					0,
					-1,
					0,
					0,
					-1,
					0,
					0,
					-1,
					0,
					0,
					-1,
					0
				],
				"uvs": [
					1,
					1,
					0,
					1,
					0,
					0,
					1,
					0,
					1,
					1,
					0,
					1,
					0,
					0,
					1,
					0,
					1,
					1,
					0,
					1,
					0,
					0,
					1,
					0,
					1,
					1,
					0,
					1,
					0,
					0,
					1,
					0,
					1,
					1,
					0,
					1,
					0,
					0,
					1,
					0,
					1,
					1,
					0,
					1,
					0,
					0,
					1,
					0
				],
				"indices": [
					0,
					1,
					2,
					0,
					2,
					3,
					4,
					5,
					6,
					4,
					6,
					7,
					8,
					9,
					10,
					8,
					10,
					11,
					12,
					13,
					14,
					12,
					14,
					15,
					16,
					17,
					18,
					16,
					18,
					19,
					20,
					21,
					22,
					20,
					22,
					23
				]
			}
		]
	},
	"meshes": [
		{
			"name": "cube",
			"id": "bb812486-4a83-4111-b7b9-caf121155b6d",
			"type": "Mesh",
			"tags": "modified",
			"position": [
				0,
				5.275781945224907,
				0
			],
			"rotation": [
				0,
				0,
				0
			],
			"scaling": [
				10,
				10,
				10
			],
			"localMatrix": {
				"0": 1,
				"1": 0,
				"2": 0,
				"3": 0,
				"4": 0,
				"5": 1,
				"6": 0,
				"7": 0,
				"8": 0,
				"9": 0,
				"10": 1,
				"11": 0,
				"12": 0,
				"13": 0,
				"14": 0,
				"15": 1
			},
			"isEnabled": true,
			"isVisible": true,
			"infiniteDistance": false,
			"pickable": true,
			"receiveShadows": true,
			"billboardMode": 0,
			"visibility": 1,
			"checkCollisions": false,
			"isBlocker": false,
			"overrideMaterialSideOrientation": null,
			"isUnIndexed": false,
			"geometryId": "2f1df70f-8bd6-4703-86fa-ed4c7a6561d4",
			"subMeshes": [
				{
					"materialIndex": 0,
					"verticesStart": 0,
					"verticesCount": 24,
					"indexStart": 0,
					"indexCount": 36
				}
			],
			"metadata": {
				"isPickable": true
			},
			"instances": [],
			"animations": [],
			"ranges": [],
			"layerMask": 268435455,
			"alphaIndex": 1.7976931348623157e+308,
			"hasVertexAlpha": false,
			"overlayAlpha": 0.5,
			"overlayColor": [
				1,
				0,
				0
			],
			"applyFog": true
		}
	],
	"materials": []
}