{
	"materials": [],
	"meshes": [
		{
			"name": "ground",
			"id": "eee4645a-645f-4faf-b10b-868d396f01f0",
			"uniqueId": 15,
			"type": "GroundMesh",
			"position": [
				0,
				0,
				0
			],
			"rotation": [
				0,
				0,
				0
			],
			"scaling": [
				1,
				1,
				1
			],
			"localMatrix": {
				"0": 1,
				"1": 0,
				"2": 0,
				"3": 0,
				"4": 0,
				"5": 1,
				"6": 0,
				"7": 0,
				"8": 0,
				"9": 0,
				"10": 1,
				"11": 0,
				"12": 0,
				"13": 0,
				"14": 0,
				"15": 1
			},
			"isEnabled": true,
			"isVisible": true,
			"infiniteDistance": false,
			"pickable": true,
			"receiveShadows": true,
			"billboardMode": 0,
			"visibility": 1,
			"checkCollisions": false,
			"isBlocker": false,
			"overrideMaterialSideOrientation": null,
			"isUnIndexed": false,
			"geometryUniqueId": 18,
			"geometryId": "ad6b245c-2a92-47da-89e7-d0e71d6f2cc7",
			"subMeshes": null,
			"materialUniqueId": 22,
			"materialId": "44ce4d7a-5718-4025-a141-272ee6387673",
			"metadata": {
				"isPickable": true,
				"script": {
					"name": "None"
				},
				"renderingGroupId": 0,
				"doNotExport": false
			},
			"instances": [],
			"animations": [],
			"ranges": [],
			"layerMask": 268435455,
			"alphaIndex": 1.7976931348623157e+308,
			"hasVertexAlpha": false,
			"overlayAlpha": 0.5,
			"overlayColor": [
				1,
				0,
				0
			],
			"applyFog": true,
			"subdivisionsX": 32,
			"subdivisionsY": 32,
			"minX": -256,
			"maxX": 256,
			"minZ": -256,
			"maxZ": 256,
			"width": 128,
			"height": 128,
			"parentId": null,
			"delayLoadingFile": "geometries/ad6b245c-2a92-47da-89e7-d0e71d6f2cc7.babylonbinarymeshdata",
			"boundingBoxMaximum": [
				64,
				0,
				64
			],
			"boundingBoxMinimum": [
				-64,
				0,
				-64
			],
			"_binaryInfo": {
				"positionsAttrDesc": {
					"count": 3267,
					"stride": 3,
					"offset": 0,
					"dataType": 1
				},
				"normalsAttrDesc": {
					"count": 3267,
					"stride": 3,
					"offset": 13068,
					"dataType": 1
				},
				"uvsAttrDesc": {
					"count": 2178,
					"stride": 2,
					"offset": 26136,
					"dataType": 1
				},
				"indicesAttrDesc": {
					"count": 6144,
					"stride": 1,
					"offset": 34848,
					"dataType": 0
				},
				"subMeshesAttrDesc": {
					"count": 1,
					"stride": 5,
					"offset": 59424,
					"dataType": 0
				}
			},
			"positions": null,
			"normals": null,
			"uvs": null,
			"hasUVs": true,
			"indices": null
		}
	],
	"multiMaterials": [],
	"lods": []
}