{
	"materials": [],
	"meshes": [
		{
			"name": "ground",
			"id": "0ea78d97-3c1f-4911-8d78-2b4cd65a0424",
			"uniqueId": 9,
			"type": "Mesh",
			"tags": "modified",
			"position": [
				0,
				0,
				0
			],
			"rotation": [
				0,
				0,
				0
			],
			"scaling": [
				100,
				0.1,
				100
			],
			"localMatrix": {
				"0": 1,
				"1": 0,
				"2": 0,
				"3": 0,
				"4": 0,
				"5": 1,
				"6": 0,
				"7": 0,
				"8": 0,
				"9": 0,
				"10": 1,
				"11": 0,
				"12": 0,
				"13": 0,
				"14": 0,
				"15": 1
			},
			"isEnabled": true,
			"isVisible": true,
			"infiniteDistance": false,
			"pickable": true,
			"receiveShadows": true,
			"billboardMode": 0,
			"visibility": 1,
			"checkCollisions": false,
			"isBlocker": false,
			"overrideMaterialSideOrientation": null,
			"isUnIndexed": false,
			"geometryId": "6ea85614-169c-413e-8305-6d7bd70ccd4f",
			"subMeshes": null,
			"materialId": "44ce4d7a-5718-4025-a141-272ee6387673",
			"metadata": {
				"isPickable": true,
				"script": {}
			},
			"instances": [],
			"animations": [],
			"ranges": [],
			"layerMask": 268435455,
			"alphaIndex": 1.7976931348623157e+308,
			"hasVertexAlpha": false,
			"overlayAlpha": 0.5,
			"overlayColor": [
				1,
				0,
				0
			],
			"applyFog": true,
			"delayLoadingFile": "geometries/6ea85614-169c-413e-8305-6d7bd70ccd4f.babylonbinarymeshdata",
			"boundingBoxMaximum": [
				0.5,
				0.5,
				0.5
			],
			"boundingBoxMinimum": [
				-0.5,
				-0.5,
				-0.5
			],
			"_binaryInfo": {
				"positionsAttrDesc": {
					"count": 72,
					"stride": 3,
					"offset": 0,
					"dataType": 1
				},
				"normalsAttrDesc": {
					"count": 72,
					"stride": 3,
					"offset": 288,
					"dataType": 1
				},
				"uvsAttrDesc": {
					"count": 48,
					"stride": 2,
					"offset": 576,
					"dataType": 1
				},
				"indicesAttrDesc": {
					"count": 36,
					"stride": 1,
					"offset": 768,
					"dataType": 0
				},
				"subMeshesAttrDesc": {
					"count": 1,
					"stride": 5,
					"offset": 912,
					"dataType": 0
				}
			},
			"positions": null,
			"normals": null,
			"uvs": null,
			"hasUVs": true,
			"indices": null
		}
	],
	"multiMaterials": [],
	"lods": []
}