{
	"materials": [],
	"geometries": {
		"boxes": [],
		"spheres": [],
		"cylinders": [],
		"toruses": [],
		"grounds": [],
		"planes": [],
		"torusKnots": [],
		"vertexData": [
			{
				"id": "1048e812-0cc0-4d4c-86fa-842b9be9ca48",
				"updatable": false,
				"positions": [
					2500,
					-2500,
					2500,
					-2500,
					-2500,
					2500,
					-2500,
					2500,
					2500,
					2500,
					2500,
					2500,
					2500,
					2500,
					-2500,
					-2500,
					2500,
					-2500,
					-2500,
					-2500,
					-2500,
					2500,
					-2500,
					-2500,
					2500,
					2500,
					-2500,
					2500,
					-2500,
					-2500,
					2500,
					-2500,
					2500,
					2500,
					2500,
					2500,
					-2500,
					2500,
					2500,
					-2500,
					-2500,
					2500,
					-2500,
					-2500,
					-2500,
					-2500,
					2500,
					-2500,
					-2500,
					2500,
					2500,
					-2500,
					2500,
					-2500,
					2500,
					2500,
					-2500,
					2500,
					2500,
					2500,
					2500,
					-2500,
					2500,
					2500,
					-2500,
					-2500,
					-2500,
					-2500,
					-2500,
					-2500,
					-2500,
					2500
				],
				"normals": [
					0,
					0,
					-1,
					0,
					0,
					-1,
					0,
					0,
					-1,
					0,
					0,
					-1,
					0,
					0,
					1,
					0,
					0,
					1,
					0,
					0,
					1,
					0,
					0,
					1,
					-1,
					0,
					0,
					-1,
					0,
					0,
					-1,
					0,
					0,
					-1,
					0,
					0,
					1,
					0,
					0,
					1,
					0,
					0,
					1,
					0,
					0,
					1,
					0,
					0,
					0,
					-1,
					0,
					0,
					-1,
					0,
					0,
					-1,
					0,
					0,
					-1,
					0,
					0,
					1,
					0,
					0,
					1,
					0,
					0,
					1,
					0,
					0,
					1,
					0
				],
				"uvs": [
					1,
					1,
					0,
					1,
					0,
					0,
					1,
					0,
					1,
					1,
					0,
					1,
					0,
					0,
					1,
					0,
					1,
					1,
					0,
					1,
					0,
					0,
					1,
					0,
					1,
					1,
					0,
					1,
					0,
					0,
					1,
					0,
					1,
					1,
					0,
					1,
					0,
					0,
					1,
					0,
					1,
					1,
					0,
					1,
					0,
					0,
					1,
					0
				],
				"indices": [
					2,
					1,
					0,
					3,
					2,
					0,
					6,
					5,
					4,
					7,
					6,
					4,
					10,
					9,
					8,
					11,
					10,
					8,
					14,
					13,
					12,
					15,
					14,
					12,
					18,
					17,
					16,
					19,
					18,
					16,
					22,
					21,
					20,
					23,
					22,
					20
				]
			}
		]
	},
	"meshes": [
		{
			"name": "sky",
			"id": "6a927ea7-51d9-4248-9b80-4d34b53b386e",
			"type": "Mesh",
			"tags": "modified",
			"position": [
				0,
				0,
				0
			],
			"rotation": [
				0,
				0,
				0
			],
			"scaling": [
				1,
				1,
				1
			],
			"localMatrix": {
				"0": 1,
				"1": 0,
				"2": 0,
				"3": 0,
				"4": 0,
				"5": 1,
				"6": 0,
				"7": 0,
				"8": 0,
				"9": 0,
				"10": 1,
				"11": 0,
				"12": 0,
				"13": 0,
				"14": 0,
				"15": 1
			},
			"isEnabled": true,
			"isVisible": true,
			"infiniteDistance": false,
			"pickable": true,
			"receiveShadows": false,
			"billboardMode": 0,
			"visibility": 1,
			"checkCollisions": false,
			"isBlocker": false,
			"overrideMaterialSideOrientation": null,
			"isUnIndexed": false,
			"geometryId": "1048e812-0cc0-4d4c-86fa-842b9be9ca48",
			"subMeshes": [
				{
					"materialIndex": 0,
					"verticesStart": 0,
					"verticesCount": 24,
					"indexStart": 0,
					"indexCount": 36
				}
			],
			"materialId": "b2346078-7465-4c63-8877-44b542584898",
			"metadata": {
				"isPickable": true,
				"script": {}
			},
			"instances": [],
			"animations": [],
			"ranges": [],
			"layerMask": 268435455,
			"alphaIndex": 1.7976931348623157e+308,
			"hasVertexAlpha": false,
			"overlayAlpha": 0.5,
			"overlayColor": [
				1,
				0,
				0
			],
			"applyFog": true
		}
	],
	"multiMaterials": [],
	"lods": []
}