{
	"materials": [],
	"meshes": [
		{
			"name": "sky",
			"id": "6a927ea7-51d9-4248-9b80-4d34b53b386e",
			"uniqueId": 8,
			"type": "Mesh",
			"tags": "modified",
			"position": [
				0,
				0,
				0
			],
			"rotation": [
				0,
				0,
				0
			],
			"scaling": [
				1,
				1,
				1
			],
			"localMatrix": {
				"0": 1,
				"1": 0,
				"2": 0,
				"3": 0,
				"4": 0,
				"5": 1,
				"6": 0,
				"7": 0,
				"8": 0,
				"9": 0,
				"10": 1,
				"11": 0,
				"12": 0,
				"13": 0,
				"14": 0,
				"15": 1
			},
			"isEnabled": true,
			"isVisible": true,
			"infiniteDistance": false,
			"pickable": true,
			"receiveShadows": false,
			"billboardMode": 0,
			"visibility": 1,
			"checkCollisions": false,
			"isBlocker": false,
			"overrideMaterialSideOrientation": null,
			"isUnIndexed": false,
			"geometryId": "1048e812-0cc0-4d4c-86fa-842b9be9ca48",
			"subMeshes": null,
			"materialId": "b2346078-7465-4c63-8877-44b542584898",
			"metadata": {
				"isPickable": true,
				"script": {
					"name": "None"
				},
				"renderingGroupId": 0
			},
			"instances": [],
			"animations": [],
			"ranges": [],
			"layerMask": 268435455,
			"alphaIndex": 1.7976931348623157e+308,
			"hasVertexAlpha": false,
			"overlayAlpha": 0.5,
			"overlayColor": [
				1,
				0,
				0
			],
			"applyFog": true,
			"delayLoadingFile": "geometries/1048e812-0cc0-4d4c-86fa-842b9be9ca48.babylonbinarymeshdata",
			"boundingBoxMaximum": [
				2500,
				2500,
				2500
			],
			"boundingBoxMinimum": [
				-2500,
				-2500,
				-2500
			],
			"_binaryInfo": {
				"positionsAttrDesc": {
					"count": 72,
					"stride": 3,
					"offset": 0,
					"dataType": 1
				},
				"normalsAttrDesc": {
					"count": 72,
					"stride": 3,
					"offset": 288,
					"dataType": 1
				},
				"uvsAttrDesc": {
					"count": 48,
					"stride": 2,
					"offset": 576,
					"dataType": 1
				},
				"indicesAttrDesc": {
					"count": 36,
					"stride": 1,
					"offset": 768,
					"dataType": 0
				},
				"subMeshesAttrDesc": {
					"count": 1,
					"stride": 5,
					"offset": 912,
					"dataType": 0
				}
			},
			"positions": null,
			"normals": null,
			"uvs": null,
			"hasUVs": true,
			"indices": null
		}
	],
	"multiMaterials": [],
	"lods": []
}